Time,T1,T2,Q1,Q2
0,20.949499999999997,20.6272,0,0
1.0,20.949499999999997,20.949499999999997,0,0
2.0,20.949499999999997,20.949499999999997,0,0
3.0,20.949499999999997,20.949499999999997,0,0
4.0,20.949499999999997,20.6272,0,0
5.0,20.949499999999997,20.6272,0,0
6.0,20.949499999999997,20.949499999999997,0,0
7.0,20.949499999999997,20.949499999999997,0,0
8.0,20.949499999999997,20.949499999999997,0,0
9.0,20.949499999999997,20.949499999999997,0,0
10.0,20.949499999999997,20.949499999999997,0,0
11.0,20.6272,20.949499999999997,0,0
12.0,20.949499999999997,20.949499999999997,0,0
13.0,20.6272,20.949499999999997,0,0
14.0,20.949499999999997,20.949499999999997,0,0
15.0,20.6272,20.949499999999997,0,0
16.0,20.949499999999997,20.949499999999997,0,0
17.0,20.949499999999997,20.6272,0,0
18.0,20.949499999999997,20.6272,0,0
19.0,20.949499999999997,20.949499999999997,0,0
20.0,20.949499999999997,20.949499999999997,0,0
21.0,20.949499999999997,20.949499999999997,0,0
22.0,20.949499999999997,20.949499999999997,0,0
23.0,20.949499999999997,20.949499999999997,0,0
24.0,20.949499999999997,20.6272,0,0
25.0,20.949499999999997,20.949499999999997,0,0
26.0,20.949499999999997,20.949499999999997,0,0
27.0,20.949499999999997,20.949499999999997,0,0
28.0,20.949499999999997,20.949499999999997,0,0
29.0,20.6272,20.6272,0,0
30.0,20.949499999999997,20.949499999999997,0,0
31.0,20.949499999999997,20.949499999999997,0,0
32.0,20.6272,20.949499999999997,0,0
33.0,20.949499999999997,20.949499999999997,0,0
34.0,20.949499999999997,20.949499999999997,0,0
35.0,20.949499999999997,20.949499999999997,0,0
36.0,20.949499999999997,20.949499999999997,0,0
37.0,20.949499999999997,20.949499999999997,0,0
38.0,20.6272,20.949499999999997,0,0
39.0,20.949499999999997,20.949499999999997,0,0
40.0,20.949499999999997,20.949499999999997,0,0
41.0,20.949499999999997,20.6272,0,0
42.0,20.949499999999997,20.6272,0,0
43.0,20.6272,20.949499999999997,0,0
44.0,20.949499999999997,20.949499999999997,0,0
45.0,20.949499999999997,20.949499999999997,0,0
46.0,20.949499999999997,20.949499999999997,0,0
47.0,20.949499999999997,20.949499999999997,0,0
48.0,20.949499999999997,20.949499999999997,0,0
49.0,20.6272,20.949499999999997,0,0
50.0,20.949499999999997,20.6272,50,0
51.0,20.949499999999997,20.949499999999997,50,0
52.0,20.949499999999997,20.949499999999997,50,0
53.0,20.949499999999997,20.949499999999997,50,0
54.0,20.949499999999997,20.949499999999997,50,0
55.0,20.949499999999997,20.949499999999997,50,0
56.0,20.949499999999997,20.949499999999997,50,0
57.0,20.949499999999997,20.949499999999997,50,0
58.0,21.2718,20.949499999999997,50,0
59.0,21.2718,20.6272,50,0
60.0,21.2718,20.949499999999997,50,0
61.0,21.2718,20.949499999999997,50,0
62.0,21.594099999999997,20.949499999999997,50,0
63.0,21.594099999999997,20.949499999999997,50,0
64.0,21.9164,20.949499999999997,50,0
65.0,21.9164,20.949499999999997,50,0
66.0,21.9164,20.949499999999997,50,0
67.0,21.9164,20.949499999999997,50,0
68.0,22.238699999999998,20.949499999999997,50,0
69.0,22.238699999999998,20.949499999999997,50,0
70.0,22.561,20.949499999999997,50,0
71.0,22.561,20.949499999999997,50,0
72.0,22.8833,20.949499999999997,50,0
73.0,22.8833,20.949499999999997,50,0
74.0,22.8833,20.949499999999997,50,0
75.0,23.205599999999997,20.949499999999997,50,0
76.0,23.205599999999997,20.949499999999997,50,0
77.0,23.5279,20.949499999999997,50,0
78.0,23.5279,20.949499999999997,50,0
79.0,23.850199999999997,21.2718,50,0
80.0,23.850199999999997,20.949499999999997,50,0
81.0,24.1725,20.949499999999997,50,0
82.0,24.1725,20.949499999999997,50,0
83.0,24.494799999999998,21.2718,50,0
84.0,24.494799999999998,21.2718,50,0
85.0,24.817099999999996,21.2718,50,0
86.0,24.817099999999996,21.2718,50,0
87.0,25.1394,21.2718,50,0
88.0,25.1394,21.2718,50,0
89.0,25.461699999999997,21.2718,50,0
90.0,25.461699999999997,21.2718,50,0
91.0,25.784,21.2718,50,0
92.0,25.784,21.2718,50,0
93.0,26.106299999999997,21.2718,50,0
94.0,26.106299999999997,21.2718,50,0
95.0,26.4286,21.2718,50,0
96.0,26.4286,21.2718,50,0
97.0,26.750899999999998,21.594099999999997,50,0
98.0,26.750899999999998,21.594099999999997,50,0
99.0,27.073199999999996,21.2718,50,0
100.0,27.073199999999996,21.2718,50,0
101.0,27.3955,21.594099999999997,50,0
102.0,27.3955,21.594099999999997,50,0
103.0,27.717799999999997,21.594099999999997,50,0
104.0,27.717799999999997,21.594099999999997,50,0
105.0,27.717799999999997,21.594099999999997,50,0
106.0,28.0401,21.594099999999997,50,0
107.0,28.0401,21.594099999999997,50,0
108.0,28.362399999999997,21.594099999999997,50,0
109.0,28.362399999999997,21.594099999999997,50,0
110.0,28.6847,21.594099999999997,50,0
111.0,28.6847,21.594099999999997,50,0
112.0,29.006999999999998,21.9164,50,0
113.0,29.006999999999998,21.9164,50,0
114.0,29.329299999999996,21.9164,50,0
115.0,29.329299999999996,21.9164,50,0
116.0,29.6516,21.9164,50,0
117.0,29.6516,21.9164,50,0
118.0,29.973899999999997,21.9164,50,0
119.0,29.973899999999997,21.9164,50,0
120.0,29.973899999999997,21.9164,50,0
121.0,30.2962,21.9164,50,0
122.0,30.2962,21.9164,50,0
123.0,30.618499999999997,21.9164,50,0
124.0,30.618499999999997,21.9164,50,0
125.0,30.940799999999996,22.238699999999998,50,0
126.0,30.940799999999996,22.238699999999998,50,0
127.0,31.263099999999998,22.238699999999998,50,0
128.0,31.263099999999998,22.238699999999998,50,0
129.0,31.263099999999998,22.238699999999998,50,0
130.0,31.585399999999996,22.238699999999998,50,0
131.0,31.585399999999996,22.238699999999998,50,0
132.0,31.9077,22.238699999999998,50,0
133.0,31.9077,22.238699999999998,50,0
134.0,31.9077,22.238699999999998,50,0
135.0,32.23,22.238699999999998,50,0
136.0,32.23,22.561,50,0
137.0,32.552299999999995,22.238699999999998,50,0
138.0,32.552299999999995,22.561,50,0
139.0,32.8746,22.561,50,0
140.0,32.8746,22.561,50,0
141.0,32.8746,22.561,50,0
142.0,33.1969,22.561,50,0
143.0,33.1969,22.561,50,0
144.0,33.1969,22.561,50,0
145.0,33.5192,22.561,50,0
146.0,33.5192,22.561,50,0
147.0,33.5192,22.561,50,0
148.0,33.841499999999996,22.561,50,0
149.0,33.841499999999996,22.561,50,0
150.0,34.163799999999995,22.561,50,0
151.0,34.163799999999995,22.561,50,0
152.0,34.163799999999995,22.561,50,0
153.0,34.4861,22.8833,50,0
154.0,34.4861,22.8833,50,0
155.0,34.4861,22.8833,50,0
156.0,34.8084,22.8833,50,0
157.0,34.8084,22.8833,50,0
158.0,34.8084,22.8833,50,0
159.0,35.1307,22.8833,50,0
160.0,35.1307,22.8833,50,0
161.0,35.452999999999996,22.8833,50,0
162.0,35.452999999999996,22.8833,50,0
163.0,35.452999999999996,22.8833,50,0
164.0,35.775299999999994,22.8833,50,0
165.0,35.775299999999994,22.8833,50,0
166.0,35.775299999999994,22.8833,50,0
167.0,36.0976,22.8833,50,0
168.0,36.0976,22.8833,50,0
169.0,36.0976,23.205599999999997,50,0
170.0,36.4199,22.8833,50,0
171.0,36.4199,23.205599999999997,50,0
172.0,36.4199,23.205599999999997,50,0
173.0,36.7422,23.205599999999997,50,0
174.0,36.7422,23.205599999999997,50,0
175.0,36.7422,23.205599999999997,50,0
176.0,37.064499999999995,23.205599999999997,50,0
177.0,37.064499999999995,23.205599999999997,50,0
178.0,37.064499999999995,23.205599999999997,50,0
179.0,37.386799999999994,23.205599999999997,50,0
180.0,37.386799999999994,23.205599999999997,50,0
181.0,37.386799999999994,23.205599999999997,50,0
182.0,37.386799999999994,23.205599999999997,50,0
183.0,37.7091,23.205599999999997,50,0
184.0,37.7091,23.205599999999997,50,0
185.0,37.7091,23.205599999999997,50,0
186.0,37.7091,23.5279,50,0
187.0,38.0314,23.5279,50,0
188.0,38.0314,23.205599999999997,50,0
189.0,38.0314,23.5279,50,0
190.0,38.0314,23.5279,50,0
191.0,38.353699999999996,23.5279,50,0
192.0,38.353699999999996,23.5279,50,0
193.0,38.675999999999995,23.5279,50,0
194.0,38.353699999999996,23.5279,50,0
195.0,38.675999999999995,23.5279,50,0
196.0,38.675999999999995,23.5279,50,0
197.0,38.675999999999995,23.5279,50,0
198.0,38.9983,23.5279,50,0
199.0,38.9983,23.5279,50,0
200.0,38.9983,23.5279,50,0
201.0,38.9983,23.5279,50,0
202.0,39.3206,23.5279,50,0
203.0,39.3206,23.5279,50,0
204.0,39.3206,23.850199999999997,50,0
205.0,39.6429,23.5279,50,0
206.0,39.6429,23.5279,50,0
207.0,39.6429,23.850199999999997,50,0
208.0,39.6429,23.850199999999997,50,0
209.0,39.6429,23.850199999999997,50,0
210.0,39.965199999999996,23.850199999999997,50,0
211.0,39.965199999999996,23.850199999999997,50,0
212.0,39.965199999999996,23.850199999999997,50,0
213.0,39.965199999999996,23.850199999999997,50,0
214.0,40.287499999999994,23.850199999999997,50,0
215.0,40.287499999999994,23.850199999999997,50,0
216.0,40.287499999999994,23.850199999999997,50,0
217.0,40.287499999999994,23.850199999999997,50,0
218.0,40.6098,23.850199999999997,50,0
219.0,40.6098,23.850199999999997,50,0
220.0,40.6098,23.850199999999997,50,0
221.0,40.6098,23.850199999999997,50,0
222.0,40.9321,23.850199999999997,50,0
223.0,40.9321,23.850199999999997,50,0
224.0,40.9321,23.850199999999997,50,0
225.0,40.9321,24.1725,50,0
226.0,41.2544,23.850199999999997,50,0
227.0,41.2544,24.1725,50,0
228.0,41.2544,23.850199999999997,50,0
229.0,41.2544,24.1725,50,0
230.0,41.2544,24.1725,50,0
231.0,41.2544,23.850199999999997,50,0
232.0,41.576699999999995,24.1725,50,0
233.0,41.576699999999995,24.1725,50,0
234.0,41.576699999999995,24.1725,50,0
235.0,41.576699999999995,24.1725,50,0
236.0,41.576699999999995,24.1725,50,0
237.0,41.576699999999995,24.1725,50,0
238.0,41.898999999999994,24.1725,50,0
239.0,41.898999999999994,24.1725,50,0
240.0,41.898999999999994,24.1725,50,0
241.0,42.2213,24.1725,50,0
242.0,42.2213,24.1725,50,0
243.0,41.898999999999994,24.1725,50,0
244.0,42.2213,24.1725,50,0
245.0,42.2213,24.1725,50,0
246.0,42.5436,24.1725,50,0
247.0,42.5436,24.1725,50,0
248.0,42.5436,24.1725,50,0
249.0,42.5436,24.1725,50,0
250.0,42.5436,24.1725,50,0
251.0,42.5436,24.1725,50,0
252.0,42.865899999999996,24.1725,50,0
253.0,42.865899999999996,24.1725,50,0
254.0,42.865899999999996,24.494799999999998,50,0
255.0,42.865899999999996,24.494799999999998,50,0
256.0,42.865899999999996,24.1725,50,0
257.0,43.188199999999995,24.494799999999998,50,0
258.0,42.865899999999996,24.494799999999998,50,0
259.0,43.188199999999995,24.494799999999998,50,0
260.0,43.188199999999995,24.494799999999998,50,0
261.0,43.188199999999995,24.494799999999998,50,0
262.0,43.188199999999995,24.494799999999998,50,0
263.0,43.188199999999995,24.494799999999998,50,0
264.0,43.51049999999999,24.494799999999998,50,0
265.0,43.51049999999999,24.494799999999998,50,0
266.0,43.51049999999999,24.494799999999998,50,0
267.0,43.51049999999999,24.494799999999998,50,0
268.0,43.51049999999999,24.494799999999998,50,0
269.0,43.8328,24.494799999999998,50,0
270.0,43.51049999999999,24.494799999999998,50,0
271.0,43.8328,24.494799999999998,50,0
272.0,43.8328,24.494799999999998,50,0
273.0,43.8328,24.494799999999998,50,0
274.0,43.8328,24.494799999999998,50,0
275.0,43.8328,24.494799999999998,50,0
276.0,44.1551,24.494799999999998,50,0
277.0,44.1551,24.494799999999998,50,0
278.0,44.1551,24.494799999999998,50,0
279.0,44.1551,24.494799999999998,50,0
280.0,44.1551,24.494799999999998,50,0
281.0,44.1551,24.494799999999998,50,0
282.0,44.1551,24.494799999999998,50,0
283.0,44.1551,24.494799999999998,50,0
284.0,44.477399999999996,24.494799999999998,50,0
285.0,44.477399999999996,24.494799999999998,50,0
286.0,44.477399999999996,24.494799999999998,50,0
287.0,44.477399999999996,24.494799999999998,50,0
288.0,44.477399999999996,24.494799999999998,50,0
289.0,44.477399999999996,24.817099999999996,50,0
290.0,44.799699999999994,24.817099999999996,50,0
291.0,44.477399999999996,24.494799999999998,50,0
292.0,44.799699999999994,24.817099999999996,50,0
293.0,44.799699999999994,24.817099999999996,50,0
294.0,44.799699999999994,24.817099999999996,50,0
295.0,44.799699999999994,24.817099999999996,50,0
296.0,44.799699999999994,24.817099999999996,50,0
297.0,44.799699999999994,24.817099999999996,50,0
298.0,44.799699999999994,24.817099999999996,50,0
299.0,45.122,24.817099999999996,50,0
300.0,45.122,24.817099999999996,50,0
301.0,45.122,24.817099999999996,50,0
302.0,45.122,24.817099999999996,50,0
303.0,45.122,24.817099999999996,50,0
304.0,45.122,24.817099999999996,50,0
305.0,45.122,24.817099999999996,50,0
306.0,45.4443,24.817099999999996,50,0
307.0,45.4443,24.817099999999996,50,0
308.0,45.4443,24.817099999999996,50,0
309.0,45.4443,24.817099999999996,50,0
310.0,45.4443,24.817099999999996,50,0
311.0,45.4443,24.817099999999996,50,0
312.0,45.4443,24.817099999999996,50,0
313.0,45.4443,24.817099999999996,50,0
314.0,45.4443,24.817099999999996,50,0
315.0,45.7666,24.817099999999996,50,0
316.0,45.7666,24.817099999999996,50,0
317.0,45.7666,24.817099999999996,50,0
318.0,45.7666,24.817099999999996,50,0
319.0,45.7666,24.817099999999996,50,0
320.0,45.7666,24.817099999999996,50,0
321.0,46.088899999999995,24.817099999999996,50,0
322.0,45.7666,24.817099999999996,50,0
323.0,46.088899999999995,24.817099999999996,50,0
324.0,46.088899999999995,25.1394,50,0
325.0,46.088899999999995,24.817099999999996,50,0
326.0,46.088899999999995,24.817099999999996,50,0
327.0,46.088899999999995,24.817099999999996,50,0
328.0,46.088899999999995,24.817099999999996,50,0
329.0,46.088899999999995,24.817099999999996,50,0
330.0,46.088899999999995,24.817099999999996,50,0
331.0,46.088899999999995,25.1394,50,0
332.0,46.411199999999994,25.1394,50,0
333.0,46.411199999999994,25.1394,50,0
334.0,46.088899999999995,24.817099999999996,50,0
335.0,46.411199999999994,24.817099999999996,50,0
336.0,46.411199999999994,25.1394,50,0
337.0,46.411199999999994,24.817099999999996,50,0
338.0,46.411199999999994,25.1394,50,0
339.0,46.411199999999994,25.1394,50,0
340.0,46.411199999999994,25.1394,50,0
341.0,46.411199999999994,25.1394,50,0
342.0,46.411199999999994,25.1394,50,0
343.0,46.7335,25.1394,50,0
344.0,46.7335,25.1394,50,0
345.0,46.7335,25.1394,50,0
346.0,46.7335,25.1394,50,0
347.0,46.7335,25.1394,50,0
348.0,46.7335,25.1394,50,0
349.0,46.7335,25.1394,50,0
350.0,46.7335,25.1394,50,0
351.0,46.7335,25.1394,50,0
352.0,46.7335,25.1394,50,0
353.0,47.0558,25.1394,50,0
354.0,46.7335,25.1394,50,0
355.0,47.0558,25.1394,50,0
356.0,47.0558,25.1394,50,0
357.0,47.0558,25.1394,50,0
358.0,47.0558,25.1394,50,0
359.0,47.0558,25.1394,50,0
360.0,47.0558,25.1394,50,0
361.0,47.0558,25.1394,50,0
362.0,47.0558,25.1394,50,0
363.0,47.0558,25.1394,50,0
364.0,47.0558,25.1394,50,0
365.0,47.378099999999996,25.1394,50,0
366.0,47.0558,25.1394,50,0
367.0,47.378099999999996,25.1394,50,0
368.0,47.0558,25.1394,50,0
369.0,47.378099999999996,25.1394,50,0
370.0,47.378099999999996,25.1394,50,0
371.0,47.378099999999996,25.1394,50,0
372.0,47.378099999999996,25.1394,50,0
373.0,47.378099999999996,25.1394,50,0
374.0,47.378099999999996,25.1394,50,0
375.0,47.378099999999996,25.1394,50,0
376.0,47.378099999999996,25.1394,50,0
377.0,47.378099999999996,25.1394,50,0
378.0,47.378099999999996,25.1394,50,0
379.0,47.700399999999995,25.1394,50,0
380.0,47.700399999999995,25.1394,50,0
381.0,47.378099999999996,25.1394,50,0
382.0,47.700399999999995,25.1394,50,0
383.0,47.700399999999995,25.1394,50,0
384.0,47.700399999999995,25.1394,50,0
385.0,47.700399999999995,25.1394,50,0
386.0,47.700399999999995,25.1394,50,0
387.0,47.700399999999995,25.1394,50,0
388.0,47.700399999999995,25.1394,50,0
389.0,47.700399999999995,25.1394,50,0
390.0,47.700399999999995,25.1394,50,0
391.0,47.700399999999995,25.1394,50,0
392.0,47.700399999999995,25.1394,50,0
393.0,47.700399999999995,25.1394,50,0
394.0,48.02269999999999,25.461699999999997,50,0
395.0,48.02269999999999,25.1394,50,0
396.0,48.02269999999999,25.1394,50,0
397.0,48.02269999999999,25.461699999999997,50,0
398.0,48.02269999999999,25.1394,50,0
399.0,48.02269999999999,25.461699999999997,50,0
400.0,48.02269999999999,25.461699999999997,50,0
401.0,48.02269999999999,25.461699999999997,50,0
402.0,48.02269999999999,25.1394,50,0
403.0,48.02269999999999,25.461699999999997,50,0
404.0,48.02269999999999,25.461699999999997,50,0
405.0,48.02269999999999,25.461699999999997,50,0
406.0,48.02269999999999,25.461699999999997,50,0
407.0,48.02269999999999,25.461699999999997,50,0
408.0,48.345,25.1394,50,0
409.0,48.02269999999999,25.461699999999997,50,0
410.0,48.02269999999999,25.461699999999997,50,0
411.0,48.02269999999999,25.461699999999997,50,0
412.0,48.345,25.1394,50,0
413.0,48.345,25.461699999999997,50,0
414.0,48.345,25.461699999999997,50,0
415.0,48.345,25.461699999999997,50,0
416.0,48.345,25.461699999999997,50,0
417.0,48.345,25.461699999999997,50,0
418.0,48.345,25.461699999999997,50,0
419.0,48.345,25.461699999999997,50,0
420.0,48.345,25.461699999999997,50,0
421.0,48.345,25.461699999999997,50,0
422.0,48.345,25.461699999999997,50,0
423.0,48.345,25.461699999999997,50,0
424.0,48.345,25.461699999999997,50,0
425.0,48.345,25.461699999999997,50,0
426.0,48.345,25.461699999999997,50,0
427.0,48.345,25.461699999999997,50,0
428.0,48.345,25.461699999999997,50,0
429.0,48.6673,25.461699999999997,50,0
430.0,48.6673,25.461699999999997,50,0
431.0,48.6673,25.461699999999997,50,0
432.0,48.6673,25.461699999999997,50,0
433.0,48.6673,25.461699999999997,50,0
434.0,48.6673,25.461699999999997,50,0
435.0,48.6673,25.461699999999997,50,0
436.0,48.6673,25.461699999999997,50,0
437.0,48.6673,25.461699999999997,50,0
438.0,48.6673,25.461699999999997,50,0
439.0,48.6673,25.461699999999997,50,0
440.0,48.6673,25.461699999999997,50,0
441.0,48.6673,25.461699999999997,50,0
442.0,48.6673,25.461699999999997,50,0
443.0,48.6673,25.461699999999997,50,0
444.0,48.6673,25.461699999999997,50,0
445.0,48.6673,25.461699999999997,50,0
446.0,48.6673,25.461699999999997,50,0
447.0,48.6673,25.461699999999997,50,0
448.0,48.6673,25.461699999999997,50,0
449.0,48.6673,25.461699999999997,50,0
450.0,48.989599999999996,25.461699999999997,50,0
451.0,48.6673,25.461699999999997,50,0
452.0,48.989599999999996,25.461699999999997,50,0
453.0,48.6673,25.461699999999997,50,0
454.0,48.989599999999996,25.461699999999997,50,0
455.0,48.989599999999996,25.461699999999997,50,0
456.0,48.989599999999996,25.461699999999997,50,0
457.0,48.989599999999996,25.461699999999997,50,0
458.0,48.989599999999996,25.461699999999997,50,0
459.0,48.989599999999996,25.461699999999997,50,0
460.0,48.989599999999996,25.461699999999997,50,0
461.0,48.989599999999996,25.461699999999997,50,0
462.0,48.989599999999996,25.461699999999997,50,0
463.0,48.989599999999996,25.461699999999997,50,0
464.0,48.989599999999996,25.461699999999997,50,0
465.0,48.989599999999996,25.461699999999997,50,0
466.0,48.989599999999996,25.461699999999997,50,0
467.0,48.989599999999996,25.461699999999997,50,0
468.0,48.989599999999996,25.461699999999997,50,0
469.0,48.989599999999996,25.461699999999997,50,0
470.0,48.989599999999996,25.461699999999997,50,0
471.0,48.989599999999996,25.461699999999997,50,0
472.0,48.989599999999996,25.461699999999997,50,0
473.0,48.989599999999996,25.461699999999997,50,0
474.0,48.989599999999996,25.461699999999997,50,0
475.0,49.311899999999994,25.461699999999997,50,0
476.0,49.311899999999994,25.461699999999997,50,0
477.0,49.311899999999994,25.461699999999997,50,0
478.0,49.311899999999994,25.461699999999997,50,0
479.0,49.311899999999994,25.461699999999997,50,0
480.0,49.311899999999994,25.461699999999997,50,0
481.0,49.311899999999994,25.461699999999997,50,0
482.0,49.311899999999994,25.461699999999997,50,0
483.0,49.311899999999994,25.461699999999997,50,0
484.0,49.311899999999994,25.461699999999997,50,0
485.0,49.311899999999994,25.461699999999997,50,0
486.0,49.311899999999994,25.461699999999997,50,0
487.0,49.311899999999994,25.461699999999997,50,0
488.0,49.311899999999994,25.461699999999997,50,0
489.0,49.311899999999994,25.461699999999997,50,0
490.0,49.311899999999994,25.461699999999997,50,0
491.0,49.311899999999994,25.461699999999997,50,0
492.0,49.311899999999994,25.784,50,0
493.0,49.311899999999994,25.461699999999997,50,0
494.0,49.311899999999994,25.461699999999997,50,0
495.0,49.311899999999994,25.461699999999997,50,0
496.0,49.311899999999994,25.461699999999997,50,0
497.0,49.63419999999999,25.784,50,0
498.0,49.311899999999994,25.461699999999997,50,0
499.0,49.311899999999994,25.461699999999997,50,0
500.0,49.63419999999999,25.461699999999997,50,0
501.0,49.311899999999994,25.461699999999997,0,0
502.0,49.63419999999999,25.461699999999997,0,0
503.0,49.311899999999994,25.461699999999997,0,0
504.0,49.311899999999994,25.461699999999997,0,0
505.0,49.311899999999994,25.461699999999997,0,0
506.0,49.311899999999994,25.461699999999997,0,0
507.0,49.311899999999994,25.461699999999997,0,0
508.0,49.311899999999994,25.461699999999997,0,0
509.0,49.311899999999994,25.461699999999997,0,0
510.0,48.989599999999996,25.784,0,0
511.0,48.989599999999996,25.461699999999997,0,0
512.0,48.989599999999996,25.461699999999997,0,0
513.0,48.6673,25.461699999999997,0,0
514.0,48.6673,25.784,0,0
515.0,48.6673,25.461699999999997,0,0
516.0,48.6673,25.461699999999997,0,0
517.0,48.345,25.784,0,0
518.0,48.345,25.461699999999997,0,0
519.0,48.345,25.461699999999997,0,0
520.0,48.02269999999999,25.461699999999997,0,0
521.0,48.02269999999999,25.461699999999997,0,0
522.0,47.700399999999995,25.461699999999997,0,0
523.0,47.700399999999995,25.461699999999997,0,0
524.0,47.700399999999995,25.461699999999997,0,0
525.0,47.378099999999996,25.461699999999997,0,0
526.0,47.378099999999996,25.461699999999997,0,0
527.0,47.0558,25.461699999999997,0,0
528.0,47.0558,25.461699999999997,0,0
529.0,47.0558,25.461699999999997,0,0
530.0,46.7335,25.461699999999997,0,0
531.0,46.411199999999994,25.461699999999997,0,0
532.0,46.411199999999994,25.461699999999997,0,0
533.0,46.411199999999994,25.1394,0,0
534.0,46.088899999999995,25.461699999999997,0,0
535.0,46.088899999999995,25.461699999999997,0,0
536.0,45.7666,25.461699999999997,0,0
537.0,45.7666,25.1394,0,0
538.0,45.4443,25.461699999999997,0,0
539.0,45.4443,25.1394,0,0
540.0,45.122,25.1394,0,0
541.0,45.122,25.1394,0,0
542.0,45.122,25.1394,0,0
543.0,44.799699999999994,25.1394,0,0
544.0,44.477399999999996,25.1394,0,0
545.0,44.477399999999996,25.1394,0,0
546.0,44.477399999999996,25.1394,0,0
547.0,44.1551,25.1394,0,0
548.0,43.8328,25.1394,0,0
549.0,43.8328,25.1394,0,0
550.0,43.8328,25.1394,0,0
551.0,43.51049999999999,24.817099999999996,0,0
552.0,43.51049999999999,25.1394,0,0
553.0,43.188199999999995,25.1394,0,0
554.0,43.188199999999995,24.817099999999996,0,0
555.0,42.865899999999996,24.817099999999996,0,0
556.0,42.865899999999996,24.817099999999996,0,0
557.0,42.865899999999996,24.817099999999996,0,0
558.0,42.5436,24.817099999999996,0,0
559.0,42.5436,24.817099999999996,0,0
560.0,42.2213,24.817099999999996,0,0
561.0,42.2213,24.817099999999996,0,0
562.0,41.898999999999994,24.817099999999996,0,0
563.0,41.898999999999994,24.817099999999996,0,0
564.0,41.898999999999994,24.817099999999996,0,0
565.0,41.576699999999995,24.494799999999998,0,0
566.0,41.576699999999995,24.494799999999998,0,0
567.0,41.2544,24.494799999999998,0,0
568.0,41.2544,24.494799999999998,0,0
569.0,40.9321,24.494799999999998,0,0
570.0,40.9321,24.494799999999998,0,0
571.0,40.6098,24.494799999999998,0,0
572.0,40.6098,24.494799999999998,0,0
573.0,40.6098,24.494799999999998,0,0
574.0,40.287499999999994,24.494799999999998,0,0
575.0,40.287499999999994,24.494799999999998,0,0
576.0,39.965199999999996,24.494799999999998,0,0
577.0,39.965199999999996,24.494799999999998,0,0
578.0,39.6429,24.1725,0,0
579.0,39.6429,24.494799999999998,0,0
580.0,39.6429,24.494799999999998,0,0
581.0,39.3206,24.494799999999998,0,0
582.0,39.3206,24.1725,0,0
583.0,39.3206,24.1725,0,0
584.0,38.9983,24.1725,0,0
585.0,38.9983,24.1725,0,0
586.0,38.675999999999995,24.1725,0,0
587.0,38.675999999999995,24.1725,0,0
588.0,38.353699999999996,24.1725,0,0
589.0,38.353699999999996,24.1725,0,0
590.0,38.353699999999996,24.1725,0,0
591.0,38.0314,24.1725,0,0
592.0,38.0314,24.1725,0,0
593.0,37.7091,24.1725,0,0
594.0,37.7091,23.850199999999997,0,0
595.0,37.7091,24.1725,0,0
596.0,37.386799999999994,24.1725,0,0
597.0,37.386799999999994,23.850199999999997,0,0
598.0,37.386799999999994,23.850199999999997,0,0
599.0,37.064499999999995,23.850199999999997,0,0
600.0,37.064499999999995,23.850199999999997,0,0
601.0,36.7422,23.850199999999997,0,0
602.0,36.7422,23.850199999999997,0,0
603.0,36.7422,23.850199999999997,0,0
604.0,36.7422,23.850199999999997,0,0
605.0,36.4199,23.850199999999997,0,0
606.0,36.4199,23.850199999999997,0,0
607.0,36.4199,23.850199999999997,0,0
608.0,36.0976,23.850199999999997,0,0
609.0,36.0976,23.850199999999997,0,0
610.0,35.775299999999994,23.5279,0,0
611.0,35.775299999999994,23.5279,0,0
612.0,35.775299999999994,23.5279,0,0
613.0,35.775299999999994,23.5279,0,0
614.0,35.452999999999996,23.5279,0,0
615.0,35.452999999999996,23.5279,0,0
616.0,35.452999999999996,23.5279,0,0
617.0,35.1307,23.5279,0,0
618.0,35.1307,23.5279,0,0
619.0,35.1307,23.5279,0,0
620.0,34.8084,23.5279,0,0
621.0,34.8084,23.5279,0,0
622.0,34.8084,23.5279,0,0
623.0,34.4861,23.5279,0,0
624.0,34.4861,23.5279,0,0
625.0,34.4861,23.205599999999997,0,0
626.0,34.4861,23.205599999999997,0,0
627.0,34.163799999999995,23.205599999999997,0,0
628.0,34.163799999999995,23.205599999999997,0,0
629.0,34.163799999999995,23.205599999999997,0,0
630.0,33.841499999999996,23.205599999999997,0,0
631.0,33.841499999999996,23.205599999999997,0,0
632.0,33.841499999999996,23.205599999999997,0,0
633.0,33.5192,23.205599999999997,0,0
634.0,33.5192,23.205599999999997,0,0
635.0,33.5192,23.205599999999997,0,0
636.0,33.5192,23.205599999999997,0,0
637.0,33.1969,23.205599999999997,0,0
638.0,33.1969,23.205599999999997,0,0
639.0,33.1969,23.205599999999997,0,0
640.0,32.8746,23.205599999999997,0,0
641.0,32.8746,23.205599999999997,0,0
642.0,32.8746,23.205599999999997,0,0
643.0,32.8746,23.205599999999997,0,0
644.0,32.552299999999995,22.8833,0,0
645.0,32.552299999999995,23.205599999999997,0,0
646.0,32.552299999999995,22.8833,0,0
647.0,32.552299999999995,23.205599999999997,0,0
648.0,32.23,22.8833,0,0
649.0,32.23,22.8833,0,0
650.0,32.23,23.205599999999997,0,0
651.0,32.23,22.8833,0,0
652.0,31.9077,22.8833,0,0
653.0,31.9077,22.8833,0,0
654.0,31.9077,22.8833,0,0
655.0,31.9077,22.8833,0,0
656.0,31.585399999999996,22.8833,0,0
657.0,31.585399999999996,22.8833,0,0
658.0,31.585399999999996,22.8833,0,0
659.0,31.263099999999998,22.8833,0,0
660.0,31.263099999999998,22.8833,0,0
661.0,31.263099999999998,22.8833,0,0
662.0,31.263099999999998,22.561,0,0
663.0,31.263099999999998,22.8833,0,0
664.0,30.940799999999996,22.8833,0,0
665.0,30.940799999999996,22.8833,0,0
666.0,30.940799999999996,22.8833,0,0
667.0,30.940799999999996,22.8833,0,0
668.0,30.940799999999996,22.561,0,0
669.0,30.618499999999997,22.8833,0,0
670.0,30.618499999999997,22.561,0,0
671.0,30.618499999999997,22.561,0,0
672.0,30.618499999999997,22.561,0,0
673.0,30.618499999999997,22.561,0,0
674.0,30.2962,22.561,0,0
675.0,30.2962,22.561,0,0
676.0,30.2962,22.561,0,0
677.0,30.2962,22.561,0,0
678.0,29.973899999999997,22.561,0,0
679.0,29.973899999999997,22.561,0,0
680.0,29.973899999999997,22.561,0,0
681.0,29.973899999999997,22.561,0,0
682.0,29.973899999999997,22.561,0,0
683.0,29.973899999999997,22.561,0,0
684.0,29.6516,22.561,0,0
685.0,29.6516,22.561,0,0
686.0,29.6516,22.561,0,0
687.0,29.6516,22.561,0,0
688.0,29.329299999999996,22.561,0,0
689.0,29.329299999999996,22.561,0,0
690.0,29.329299999999996,22.561,0,0
691.0,29.329299999999996,22.561,0,0
692.0,29.329299999999996,22.561,0,0
693.0,29.329299999999996,22.561,0,0
694.0,29.006999999999998,22.561,0,0
695.0,29.006999999999998,22.561,0,0
696.0,29.006999999999998,22.238699999999998,0,0
697.0,29.006999999999998,22.238699999999998,0,0
698.0,29.006999999999998,22.238699999999998,0,0
699.0,28.6847,22.238699999999998,0,0
700.0,28.6847,22.238699999999998,0,0
701.0,28.6847,22.561,0,0
702.0,28.6847,22.238699999999998,0,0
703.0,28.6847,22.238699999999998,0,0
704.0,28.6847,22.238699999999998,0,0
705.0,28.6847,22.238699999999998,0,0
706.0,28.362399999999997,22.238699999999998,0,0
707.0,28.362399999999997,22.238699999999998,0,0
708.0,28.362399999999997,22.238699999999998,0,0
709.0,28.362399999999997,22.238699999999998,0,0
710.0,28.362399999999997,22.238699999999998,0,0
711.0,28.362399999999997,22.238699999999998,0,0
712.0,28.0401,22.238699999999998,0,0
713.0,28.0401,22.238699999999998,0,0
714.0,28.0401,22.238699999999998,0,0
715.0,28.0401,22.238699999999998,0,0
716.0,28.0401,22.238699999999998,0,0
717.0,28.0401,22.238699999999998,0,0
718.0,27.717799999999997,22.238699999999998,0,0
719.0,27.717799999999997,22.238699999999998,0,0
720.0,27.717799999999997,22.238699999999998,0,0
721.0,27.717799999999997,22.238699999999998,0,0
722.0,27.717799999999997,22.238699999999998,0,0
723.0,27.717799999999997,22.238699999999998,0,0
724.0,27.3955,21.9164,0,0
725.0,27.3955,22.238699999999998,0,0
726.0,27.3955,22.238699999999998,0,0
727.0,27.3955,21.9164,0,0
728.0,27.3955,22.238699999999998,0,0
729.0,27.3955,21.9164,0,0
730.0,27.073199999999996,21.9164,0,0
731.0,27.073199999999996,21.9164,0,0
732.0,27.073199999999996,21.9164,0,0
733.0,27.073199999999996,21.9164,0,0
734.0,27.073199999999996,21.9164,0,0
735.0,27.073199999999996,21.9164,0,0
736.0,27.073199999999996,22.238699999999998,0,0
737.0,27.073199999999996,21.9164,0,0
738.0,27.073199999999996,21.9164,0,0
739.0,26.750899999999998,21.9164,0,0
740.0,26.750899999999998,21.9164,0,0
741.0,26.750899999999998,21.9164,0,0
742.0,26.750899999999998,21.9164,0,0
743.0,26.750899999999998,21.9164,0,0
744.0,26.4286,21.9164,0,0
745.0,26.750899999999998,21.9164,0,0
746.0,26.4286,21.9164,0,0
747.0,26.4286,21.9164,0,0
748.0,26.4286,21.9164,0,0
749.0,26.4286,21.9164,0,0
750.0,26.4286,21.9164,0,0
751.0,26.4286,21.9164,0,0
752.0,26.4286,21.9164,0,0
753.0,26.106299999999997,21.9164,0,0
754.0,26.106299999999997,21.9164,0,0
755.0,26.4286,21.9164,0,0
756.0,26.106299999999997,21.9164,0,0
757.0,26.106299999999997,21.9164,0,0
758.0,26.106299999999997,21.9164,0,0
759.0,26.106299999999997,21.9164,0,0
760.0,26.106299999999997,21.594099999999997,0,0
761.0,26.106299999999997,21.9164,0,0
762.0,25.784,21.9164,0,0
763.0,26.106299999999997,21.594099999999997,0,0
764.0,25.784,21.9164,0,0
765.0,25.784,21.9164,0,0
766.0,25.784,21.9164,0,0
767.0,25.784,21.9164,0,0
768.0,25.784,21.594099999999997,0,0
769.0,25.784,21.9164,0,0
770.0,25.784,21.594099999999997,0,0
771.0,25.461699999999997,21.594099999999997,0,0
772.0,25.784,21.9164,0,0
773.0,25.461699999999997,21.9164,0,0
774.0,25.461699999999997,21.594099999999997,0,0
775.0,25.461699999999997,21.594099999999997,0,0
776.0,25.461699999999997,21.594099999999997,0,0
777.0,25.461699999999997,21.594099999999997,0,0
778.0,25.461699999999997,21.594099999999997,0,0
779.0,25.461699999999997,21.594099999999997,0,0
780.0,25.461699999999997,21.594099999999997,0,0
781.0,25.1394,21.594099999999997,0,0
782.0,25.1394,21.594099999999997,0,0
783.0,25.1394,21.594099999999997,0,0
784.0,25.1394,21.594099999999997,0,0
785.0,25.1394,21.594099999999997,0,0
786.0,25.1394,21.594099999999997,0,0
787.0,25.1394,21.594099999999997,0,0
788.0,25.1394,21.594099999999997,0,0
789.0,25.1394,21.594099999999997,0,0
790.0,25.1394,21.594099999999997,0,0
791.0,25.1394,21.594099999999997,0,0
792.0,25.1394,21.594099999999997,0,0
793.0,24.817099999999996,21.594099999999997,0,0
794.0,24.817099999999996,21.594099999999997,0,0
795.0,24.817099999999996,21.594099999999997,0,0
796.0,24.817099999999996,21.594099999999997,0,0
797.0,24.817099999999996,21.594099999999997,0,0
798.0,24.817099999999996,21.594099999999997,0,0
799.0,24.817099999999996,21.594099999999997,0,0
800.0,24.817099999999996,21.594099999999997,0,0
801.0,24.817099999999996,21.594099999999997,0,0
802.0,24.494799999999998,21.594099999999997,0,0
803.0,24.817099999999996,21.594099999999997,0,0
804.0,24.494799999999998,21.594099999999997,0,0
805.0,24.494799999999998,21.594099999999997,0,0
806.0,24.494799999999998,21.594099999999997,0,0
807.0,24.494799999999998,21.594099999999997,0,0
808.0,24.494799999999998,21.594099999999997,0,0
809.0,24.494799999999998,21.594099999999997,0,0
810.0,24.494799999999998,21.594099999999997,0,0
811.0,24.494799999999998,21.594099999999997,0,0
812.0,24.494799999999998,21.594099999999997,0,0
813.0,24.1725,21.594099999999997,0,0
814.0,24.1725,21.594099999999997,0,0
815.0,24.494799999999998,21.594099999999997,0,0
816.0,24.1725,21.594099999999997,0,0
817.0,24.1725,21.594099999999997,0,0
818.0,24.1725,21.2718,0,0
819.0,24.1725,21.594099999999997,0,0
820.0,24.1725,21.594099999999997,0,0
821.0,24.1725,21.594099999999997,0,0
822.0,24.1725,21.594099999999997,0,0
823.0,24.1725,21.594099999999997,0,0
824.0,24.1725,21.594099999999997,0,0
825.0,24.1725,21.594099999999997,0,0
826.0,24.1725,21.594099999999997,0,0
827.0,23.850199999999997,21.594099999999997,0,0
828.0,24.1725,21.594099999999997,0,0
829.0,24.1725,21.2718,0,0
830.0,24.1725,21.2718,0,0
831.0,23.850199999999997,21.2718,0,0
832.0,23.850199999999997,21.594099999999997,0,0
833.0,23.850199999999997,21.594099999999997,0,0
834.0,23.850199999999997,21.2718,0,0
835.0,23.850199999999997,21.594099999999997,0,0
836.0,23.850199999999997,21.594099999999997,0,0
837.0,23.850199999999997,21.2718,0,0
838.0,23.850199999999997,21.2718,0,0
839.0,23.850199999999997,21.2718,0,0
840.0,23.850199999999997,21.594099999999997,0,0
841.0,23.850199999999997,21.2718,0,0
842.0,23.850199999999997,21.594099999999997,0,0
843.0,23.850199999999997,21.2718,0,0
844.0,23.850199999999997,21.2718,0,0
845.0,23.5279,21.594099999999997,0,0
846.0,23.5279,21.2718,0,0
847.0,23.5279,21.2718,0,0
848.0,23.5279,21.2718,0,0
849.0,23.5279,21.2718,0,0
850.0,23.5279,21.2718,0,0
851.0,23.5279,21.2718,0,0
852.0,23.5279,21.2718,0,0
853.0,23.5279,21.2718,0,0
854.0,23.5279,21.2718,0,0
855.0,23.5279,21.2718,0,0
856.0,23.5279,21.2718,0,0
857.0,23.5279,21.2718,0,0
858.0,23.5279,21.2718,0,0
859.0,23.205599999999997,21.2718,0,0
860.0,23.205599999999997,21.2718,0,0
861.0,23.205599999999997,21.2718,0,0
862.0,23.205599999999997,21.2718,0,0
863.0,23.5279,21.2718,0,0
864.0,23.205599999999997,21.2718,0,0
865.0,23.205599999999997,21.2718,0,0
866.0,23.205599999999997,21.2718,0,0
867.0,23.205599999999997,21.2718,0,0
868.0,23.205599999999997,21.2718,0,0
869.0,23.205599999999997,21.2718,0,0
870.0,23.205599999999997,21.2718,0,0
871.0,23.205599999999997,21.2718,0,0
872.0,23.205599999999997,21.2718,0,0
873.0,23.205599999999997,21.2718,0,0
874.0,23.205599999999997,21.2718,0,0
875.0,23.205599999999997,21.2718,0,0
876.0,23.205599999999997,21.2718,0,0
877.0,23.205599999999997,21.2718,0,0
878.0,22.8833,21.2718,0,0
879.0,23.205599999999997,21.2718,0,0
880.0,22.8833,21.2718,0,0
881.0,22.8833,21.2718,0,0
882.0,22.8833,21.2718,0,0
883.0,22.8833,21.2718,0,0
884.0,22.8833,21.2718,0,0
885.0,22.8833,21.2718,0,0
886.0,22.8833,21.2718,0,0
887.0,22.8833,21.2718,0,0
888.0,22.8833,21.2718,0,0
889.0,22.8833,21.2718,0,0
890.0,22.8833,21.2718,0,0
891.0,22.8833,21.2718,0,0
892.0,22.8833,21.2718,0,0
893.0,22.8833,21.2718,0,0
894.0,22.8833,21.2718,0,0
895.0,22.8833,21.2718,0,0
896.0,22.8833,21.2718,0,0
897.0,22.8833,21.2718,0,0
898.0,22.561,21.2718,0,0
899.0,22.8833,21.2718,0,0
900.0,22.561,21.2718,0,0
901.0,22.8833,21.2718,0,0
902.0,22.8833,21.2718,0,0
903.0,22.561,21.2718,0,0
904.0,22.561,21.2718,0,0
905.0,22.561,21.2718,0,0
906.0,22.8833,21.2718,0,0
907.0,22.561,21.2718,0,0
908.0,22.561,21.2718,0,0
909.0,22.561,21.2718,0,0
910.0,22.561,21.2718,0,0
911.0,22.561,21.2718,0,0
912.0,22.561,21.2718,0,0
913.0,22.561,21.2718,0,0
914.0,22.561,20.949499999999997,0,0
915.0,22.561,21.2718,0,0
916.0,22.561,20.949499999999997,0,0
917.0,22.561,21.2718,0,0
918.0,22.561,20.949499999999997,0,0
919.0,22.561,21.2718,0,0
920.0,22.561,20.949499999999997,0,0
921.0,22.561,21.2718,0,0
922.0,22.561,21.2718,0,0
923.0,22.561,21.2718,0,0
924.0,22.561,21.2718,0,0
925.0,22.238699999999998,21.2718,0,0
926.0,22.561,21.2718,0,0
927.0,22.561,20.949499999999997,0,0
928.0,22.561,21.2718,0,0
929.0,22.238699999999998,20.949499999999997,0,0
930.0,22.238699999999998,21.2718,0,0
931.0,22.238699999999998,20.949499999999997,0,0
932.0,22.238699999999998,20.949499999999997,0,0
933.0,22.238699999999998,20.949499999999997,0,0
934.0,22.238699999999998,21.2718,0,0
935.0,22.238699999999998,21.2718,0,0
936.0,22.238699999999998,20.949499999999997,0,0
937.0,22.238699999999998,21.2718,0,0
938.0,22.238699999999998,20.949499999999997,0,0
939.0,22.238699999999998,21.2718,0,0
940.0,22.238699999999998,21.2718,0,0
941.0,22.238699999999998,21.2718,0,0
942.0,22.238699999999998,20.949499999999997,0,0
943.0,22.238699999999998,20.949499999999997,0,0
944.0,22.238699999999998,20.949499999999997,0,0
945.0,22.238699999999998,21.2718,0,0
946.0,22.238699999999998,20.949499999999997,0,0
947.0,22.238699999999998,21.2718,0,0
948.0,22.238699999999998,20.949499999999997,0,0
949.0,22.238699999999998,20.949499999999997,0,0
950.0,22.238699999999998,21.2718,0,0
951.0,22.238699999999998,20.949499999999997,0,0
952.0,22.238699999999998,21.2718,0,0
953.0,22.238699999999998,20.949499999999997,0,0
954.0,22.238699999999998,20.949499999999997,0,0
955.0,22.238699999999998,21.2718,0,0
956.0,21.9164,20.949499999999997,0,0
957.0,22.238699999999998,20.949499999999997,0,0
958.0,21.9164,20.949499999999997,0,0
959.0,22.238699999999998,20.949499999999997,0,0
960.0,22.238699999999998,20.949499999999997,0,0
961.0,21.9164,20.949499999999997,0,0
962.0,22.238699999999998,20.949499999999997,0,0
963.0,22.238699999999998,20.949499999999997,0,0
964.0,21.9164,20.949499999999997,0,0
965.0,21.9164,20.949499999999997,0,0
966.0,21.9164,20.949499999999997,0,0
967.0,21.9164,21.2718,0,0
968.0,21.9164,20.949499999999997,0,0
969.0,21.9164,20.949499999999997,0,0
970.0,21.9164,20.949499999999997,0,0
971.0,21.9164,20.949499999999997,0,0
972.0,21.9164,20.949499999999997,0,0
973.0,21.9164,20.949499999999997,0,0
974.0,21.9164,20.949499999999997,0,0
975.0,21.9164,20.949499999999997,0,0
976.0,21.9164,20.949499999999997,0,0
977.0,21.9164,20.949499999999997,0,0
978.0,21.9164,20.949499999999997,0,0
979.0,21.9164,20.949499999999997,0,0
980.0,21.9164,20.949499999999997,0,0
981.0,21.9164,20.949499999999997,0,0
982.0,21.9164,20.949499999999997,0,0
983.0,21.9164,20.949499999999997,0,0
984.0,21.9164,20.949499999999997,0,0
985.0,21.9164,20.949499999999997,0,0
986.0,21.9164,20.949499999999997,0,0
987.0,21.9164,20.949499999999997,0,0
988.0,21.9164,20.949499999999997,0,0
989.0,21.9164,20.949499999999997,0,0
990.0,21.9164,20.949499999999997,0,0
991.0,21.9164,20.949499999999997,0,0
992.0,21.9164,20.949499999999997,0,0
993.0,21.9164,20.949499999999997,0,0
994.0,21.9164,20.949499999999997,0,0
995.0,21.9164,20.949499999999997,0,0
996.0,21.9164,20.949499999999997,0,0
997.0,21.9164,20.949499999999997,0,0
998.0,21.594099999999997,20.949499999999997,0,0
999.0,21.9164,20.949499999999997,0,0
1000.0,21.594099999999997,20.949499999999997,0,0
